{"_step":149,"profiling/Time taken: GRPOTrainer.think_format_reward":6.107985973358154e-05,"profiling/Time taken: GRPOTrainer._fn":0.0002717957831919193,"profiling/Time taken: GRPOTrainer.compute_loss":0.11494162119925022,"train/global_step":0,"profiling/Time taken: GRPOTrainer._prepare_inputs":13.907082776073366,"_wandb":{"runtime":77},"_timestamp":1.7628685204209511e+09,"profiling/Time taken: GRPOTrainer.acc_reward":7.00908713042736e-05,"profiling/Time taken: GRPOTrainer._get_per_token_logps":0.10240739211440086,"_runtime":77}