{"profiling/Time taken: GRPOTrainer.acc_reward":9.699398651719093e-05,"profiling/Time taken: GRPOTrainer._fn":5.8673787862062454e-05,"profiling/Time taken: GRPOTrainer._prepare_inputs":6.7161621348932385,"profiling/Time taken: GRPOTrainer.think_format_reward":6.059696897864342e-05,"profiling/Time taken: GRPOTrainer.compute_loss":0.2319006067700684,"profiling/Time taken: GRPOTrainer._get_per_token_logps":0.10996408015489578,"_runtime":9,"_step":5,"_wandb":{"runtime":9},"_timestamp":1.7628680106298428e+09,"train/global_step":0}